Years,Area name,Frequency of use nearest green space,Percentage
2013,Aberdeen City,Every day / Several times a week,29.8
2013,Aberdeen City,Once a week,14.1
2013,Aberdeen City,Once a month,17.6
2013,Aberdeen City,Less often,15.8
2013,Aberdeen City,Not at all,22.8
2013,Aberdeen City,Base,310
2013,Aberdeen City,Every day / Several times a week,16.33
2013,Aberdeen City,Once a week,15.1
2013,Aberdeen City,Once a month,13.87
2013,Aberdeen City,Less often,12.64
2013,Aberdeen City,Not at all,11.41
2014,Aberdeen City,Every day / Several times a week,35
2014,Aberdeen City,Once a week,10.6
2014,Aberdeen City,Once a month,18
2014,Aberdeen City,Less often,9.2
2014,Aberdeen City,Not at all,26.8
2014,Aberdeen City,Don't know,0.5
2014,Aberdeen City,Base,280
2014,Aberdeen City,Every day / Several times a week,53.07
2014,Aberdeen City,Once a week,54.27
2014,Aberdeen City,Once a month,55.48
2014,Aberdeen City,Less often,56.69
2014,Aberdeen City,Not at all,57.89
2014,Aberdeen City,Don't know,59.1
2015,Aberdeen City,Every day / Several times a week,33.1
2015,Aberdeen City,Once a week,12.5
2015,Aberdeen City,Once a month,20
2015,Aberdeen City,Less often,10.2
2015,Aberdeen City,Not at all,24.2
2015,Aberdeen City,Base,280
2015,Aberdeen City,Every day / Several times a week,13.97
2015,Aberdeen City,Once a week,11.96
2015,Aberdeen City,Once a month,9.95
2015,Aberdeen City,Less often,7.94
2015,Aberdeen City,Not at all,5.93
2016,Aberdeen City,Every day / Several times a week,33.6
2016,Aberdeen City,Once a week,12.8
2016,Aberdeen City,Once a month,22.4
2016,Aberdeen City,Less often,11.2
2016,Aberdeen City,Not at all,19.4
2016,Aberdeen City,Don't know,0.5
2016,Aberdeen City,Base,290
2016,Aberdeen City,Every day / Several times a week,53.95
2016,Aberdeen City,Once a week,55.18
2016,Aberdeen City,Once a month,56.41
2016,Aberdeen City,Less often,57.63
2016,Aberdeen City,Not at all,58.86
2016,Aberdeen City,Don't know,60.09
2017,Aberdeen City,Every day / Several times a week,35.9
2017,Aberdeen City,Once a week,11.7
2017,Aberdeen City,Once a month,16
2017,Aberdeen City,Less often,14.3
2017,Aberdeen City,Not at all,22.1
2017,Aberdeen City,Base,340
2017,Aberdeen City,Every day / Several times a week,12.5
2017,Aberdeen City,Once a week,10
2017,Aberdeen City,Once a month,7.5
2017,Aberdeen City,Less often,5
2017,Aberdeen City,Not at all,2.5
2019,Aberdeen City,Every day / Several times a week,31.9
2019,Aberdeen City,Once a week,17.2
2019,Aberdeen City,Once a month,18.9
2019,Aberdeen City,Less often,12.2
2019,Aberdeen City,Not at all,19.4
2019,Aberdeen City,Don't know,0.5
2019,Aberdeen City,Base,300
2019,Aberdeen City,Every day / Several times a week,55.73
2019,Aberdeen City,Once a week,57.1
2019,Aberdeen City,Once a month,58.47
2019,Aberdeen City,Less often,59.84
2019,Aberdeen City,Not at all,61.2
2019,Aberdeen City,Don't know,62.57
2023,Aberdeen City,Every day / Several times a week,35.6
2023,Aberdeen City,Once a week,15.9
2023,Aberdeen City,Once a month,17.5
2023,Aberdeen City,Less often,8.7
2023,Aberdeen City,Not at all,22.4
2023,Aberdeen City,Base,290
2023,Aberdeen City,Every day / Several times a week,9.94
2023,Aberdeen City,Once a week,6.58
2023,Aberdeen City,Once a month,3.22
2013,Aberdeenshire,Every day / Several times a week,42
2013,Aberdeenshire,Once a week,11
2013,Aberdeenshire,Once a month,9.4
2013,Aberdeenshire,Less often,11.2
2013,Aberdeenshire,Not at all,26.3
2014,Aberdeenshire,Every day / Several times a week,43
2014,Aberdeenshire,Once a week,11.9
2014,Aberdeenshire,Once a month,12.9
2014,Aberdeenshire,Less often,9.5
2014,Aberdeenshire,Not at all,22.6
2015,Aberdeenshire,Every day / Several times a week,42.2
2015,Aberdeenshire,Once a week,14.1
2015,Aberdeenshire,Once a month,11.7
2015,Aberdeenshire,Less often,9.8
2015,Aberdeenshire,Not at all,22.3
2016,Aberdeenshire,Every day / Several times a week,41.4
2016,Aberdeenshire,Once a week,12.7
2016,Aberdeenshire,Once a month,11.6
2016,Aberdeenshire,Less often,11.2
2016,Aberdeenshire,Not at all,23
2017,Aberdeenshire,Every day / Several times a week,35.3
2017,Aberdeenshire,Once a week,12.5
2017,Aberdeenshire,Once a month,14
2017,Aberdeenshire,Less often,10.9
2017,Aberdeenshire,Not at all,27.2
2019,Aberdeenshire,Every day / Several times a week,37.6
2019,Aberdeenshire,Once a week,10
2019,Aberdeenshire,Once a month,14.9
2019,Aberdeenshire,Less often,12
2019,Aberdeenshire,Not at all,25.5
2023,Aberdeenshire,Every day / Several times a week,35.1
2023,Aberdeenshire,Once a week,13.9
2023,Aberdeenshire,Once a month,15.9
2023,Aberdeenshire,Less often,11.9
2023,Aberdeenshire,Not at all,23.2
2013,Angus,Base,220
2014,Angus,Base,250
2015,Angus,Base,240
2016,Angus,Base,230
2017,Angus,Base,230
2019,Angus,Base,230
2023,Angus,Base,190
2013,Argyll and Bute,Every day / Several times a week,47.8
2013,Argyll and Bute,Once a week,9
2013,Argyll and Bute,Once a month,15.6
2013,Argyll and Bute,Less often,11.5
2013,Argyll and Bute,Not at all,16.1
2013,Argyll and Bute,Base,250
2014,Argyll and Bute,Every day / Several times a week,42.2
2014,Argyll and Bute,Once a week,8.8
2014,Argyll and Bute,Once a month,13.4
2014,Argyll and Bute,Less often,9.3
2014,Argyll and Bute,Not at all,26.3
2014,Argyll and Bute,Base,270
2015,Argyll and Bute,Every day / Several times a week,32.9
2015,Argyll and Bute,Once a week,13.7
2015,Argyll and Bute,Once a month,9.9
2015,Argyll and Bute,Less often,10.9
2015,Argyll and Bute,Not at all,32
2015,Argyll and Bute,Don't know,0.6
2015,Argyll and Bute,Base,240
2016,Argyll and Bute,Every day / Several times a week,44.9
2016,Argyll and Bute,Once a week,7.8
2016,Argyll and Bute,Once a month,14.2
2016,Argyll and Bute,Less often,14.7
2016,Argyll and Bute,Not at all,18.4
2016,Argyll and Bute,Base,230
2017,Argyll and Bute,Every day / Several times a week,38
2017,Argyll and Bute,Once a week,9.4
2017,Argyll and Bute,Once a month,11.8
2017,Argyll and Bute,Less often,7.7
2017,Argyll and Bute,Not at all,33.1
2017,Argyll and Bute,Base,230
2019,Argyll and Bute,Every day / Several times a week,39.4
2019,Argyll and Bute,Once a week,5.3
2019,Argyll and Bute,Once a month,11.4
2019,Argyll and Bute,Less often,9.9
2019,Argyll and Bute,Not at all,34.1
2019,Argyll and Bute,Base,220
2023,Argyll and Bute,Every day / Several times a week,50.1
2023,Argyll and Bute,Once a week,9.8
2023,Argyll and Bute,Once a month,10.5
2023,Argyll and Bute,Less often,7.1
2023,Argyll and Bute,Not at all,22
2023,Argyll and Bute,Don't know,0.4
2023,Argyll and Bute,Base,230
2013,Clackmannanshire,Every day / Several times a week,31
2013,Clackmannanshire,Once a week,8.8
2013,Clackmannanshire,Once a month,14.6
2013,Clackmannanshire,Less often,16.5
2013,Clackmannanshire,Not at all,29
2013,Clackmannanshire,Base,280
2014,Clackmannanshire,Every day / Several times a week,45.1
2014,Clackmannanshire,Once a week,10.7
2014,Clackmannanshire,Once a month,15.6
2014,Clackmannanshire,Less often,11.5
2014,Clackmannanshire,Not at all,16.9
2014,Clackmannanshire,Don't know,0.2
2014,Clackmannanshire,Base,250
2015,Clackmannanshire,Every day / Several times a week,42.1
2015,Clackmannanshire,Once a week,11.2
2015,Clackmannanshire,Once a month,12.7
2015,Clackmannanshire,Less often,7.1
2015,Clackmannanshire,Not at all,27
2015,Clackmannanshire,Base,240
2016,Clackmannanshire,Every day / Several times a week,28.6
2016,Clackmannanshire,Once a week,11
2016,Clackmannanshire,Once a month,10.3
2016,Clackmannanshire,Less often,8.2
2016,Clackmannanshire,Not at all,41.9
2016,Clackmannanshire,Base,240
2017,Clackmannanshire,Every day / Several times a week,36.3
2017,Clackmannanshire,Once a week,8.2
2017,Clackmannanshire,Once a month,9.1
2017,Clackmannanshire,Less often,3.2
2017,Clackmannanshire,Not at all,42.1
2017,Clackmannanshire,Don't know,1.1
2017,Clackmannanshire,Base,260
2019,Clackmannanshire,Every day / Several times a week,48
2019,Clackmannanshire,Once a week,13.3
2019,Clackmannanshire,Once a month,11.4
2019,Clackmannanshire,Less often,13.9
2019,Clackmannanshire,Not at all,12.8
2019,Clackmannanshire,Don't know,0.7
2019,Clackmannanshire,Base,210
2023,Clackmannanshire,Every day / Several times a week,45.2
2023,Clackmannanshire,Once a week,13.3
2023,Clackmannanshire,Once a month,9.8
2023,Clackmannanshire,Less often,14.1
2023,Clackmannanshire,Not at all,17.6
2023,Clackmannanshire,Base,230
2013,Dumfries and Galloway,Every day / Several times a week,49.5
2013,Dumfries and Galloway,Once a week,11.2
2013,Dumfries and Galloway,Once a month,8.6
2013,Dumfries and Galloway,Less often,10.2
2013,Dumfries and Galloway,Not at all,20.5
2013,Dumfries and Galloway,Base,230
2014,Dumfries and Galloway,Every day / Several times a week,57.6
2014,Dumfries and Galloway,Once a week,11.6
2014,Dumfries and Galloway,Once a month,8.5
2014,Dumfries and Galloway,Less often,5.9
2014,Dumfries and Galloway,Not at all,16.1
2014,Dumfries and Galloway,Don't know,0.4
2014,Dumfries and Galloway,Base,230
2015,Dumfries and Galloway,Every day / Several times a week,39.5
2015,Dumfries and Galloway,Once a week,13.1
2015,Dumfries and Galloway,Once a month,7.4
2015,Dumfries and Galloway,Less often,9
2015,Dumfries and Galloway,Not at all,31
2015,Dumfries and Galloway,Base,230
2016,Dumfries and Galloway,Every day / Several times a week,35.1
2016,Dumfries and Galloway,Once a week,7.5
2016,Dumfries and Galloway,Once a month,13
2016,Dumfries and Galloway,Less often,10.8
2016,Dumfries and Galloway,Not at all,33.7
2016,Dumfries and Galloway,Base,240
2017,Dumfries and Galloway,Every day / Several times a week,30.8
2017,Dumfries and Galloway,Once a week,5.4
2017,Dumfries and Galloway,Once a month,9
2017,Dumfries and Galloway,Less often,14.1
2017,Dumfries and Galloway,Not at all,40.1
2017,Dumfries and Galloway,Don't know,0.5
2017,Dumfries and Galloway,Base,240
2019,Dumfries and Galloway,Every day / Several times a week,56.4
2019,Dumfries and Galloway,Once a week,13
2019,Dumfries and Galloway,Once a month,6.4
2019,Dumfries and Galloway,Less often,7.9
2019,Dumfries and Galloway,Not at all,16.3
2019,Dumfries and Galloway,Base,260
2023,Dumfries and Galloway,Every day / Several times a week,42.3
2023,Dumfries and Galloway,Once a week,8.3
2023,Dumfries and Galloway,Once a month,14.6
2023,Dumfries and Galloway,Less often,13.2
2023,Dumfries and Galloway,Not at all,21.6
2023,Dumfries and Galloway,Base,240
2013,Dundee City,Every day / Several times a week,36.2
2013,Dundee City,Once a week,10.5
2013,Dundee City,Once a month,19.5
2013,Dundee City,Less often,14.6
2013,Dundee City,Not at all,19.2
2013,Dundee City,Base,240
2014,Dundee City,Every day / Several times a week,32.4
2014,Dundee City,Once a week,10.9
2014,Dundee City,Once a month,17.8
2014,Dundee City,Less often,15.8
2014,Dundee City,Not at all,22.8
2014,Dundee City,Don't know,0.2
2014,Dundee City,Base,240
2015,Dundee City,Every day / Several times a week,36.1
2015,Dundee City,Once a week,15
2015,Dundee City,Once a month,18.4
2015,Dundee City,Less often,11.1
2015,Dundee City,Not at all,19
2015,Dundee City,Don't know,0.6
2015,Dundee City,Base,240
2016,Dundee City,Every day / Several times a week,29.3
2016,Dundee City,Once a week,16.3
2016,Dundee City,Once a month,21.3
2016,Dundee City,Less often,16.8
2016,Dundee City,Not at all,16.3
2016,Dundee City,Base,220
2017,Dundee City,Every day / Several times a week,38.6
2017,Dundee City,Once a week,15.9
2017,Dundee City,Once a month,21.9
2017,Dundee City,Less often,12.1
2017,Dundee City,Not at all,10.2
2017,Dundee City,Don't know,1.3
2017,Dundee City,Base,220
2019,Dundee City,Every day / Several times a week,27.9
2019,Dundee City,Once a week,18.8
2019,Dundee City,Once a month,23.4
2019,Dundee City,Less often,16.9
2019,Dundee City,Not at all,13
2019,Dundee City,Base,210
2023,Dundee City,Every day / Several times a week,44
2023,Dundee City,Once a week,12.7
2023,Dundee City,Once a month,23.9
2023,Dundee City,Less often,11.5
2023,Dundee City,Not at all,7.2
2023,Dundee City,Don't know,0.8
2023,Dundee City,Base,210
2013,East Ayrshire,Every day / Several times a week,33.8
2013,East Ayrshire,Once a week,8.5
2013,East Ayrshire,Once a month,16.3
2013,East Ayrshire,Less often,9.4
2013,East Ayrshire,Not at all,31.4
2013,East Ayrshire,Don't know,0.6
2013,East Ayrshire,Base,190
2014,East Ayrshire,Every day / Several times a week,34.4
2014,East Ayrshire,Once a week,12.4
2014,East Ayrshire,Once a month,11.9
2014,East Ayrshire,Less often,13.1
2014,East Ayrshire,Not at all,28.3
2014,East Ayrshire,Base,230
2015,East Ayrshire,Every day / Several times a week,33.9
2015,East Ayrshire,Once a week,10.9
2015,East Ayrshire,Once a month,17.4
2015,East Ayrshire,Less often,12.3
2015,East Ayrshire,Not at all,25.4
2015,East Ayrshire,Base,220
2016,East Ayrshire,Every day / Several times a week,34.1
2016,East Ayrshire,Once a week,12.2
2016,East Ayrshire,Once a month,17.8
2016,East Ayrshire,Less often,10.7
2016,East Ayrshire,Not at all,25.1
2016,East Ayrshire,Base,210
2017,East Ayrshire,Every day / Several times a week,40.6
2017,East Ayrshire,Once a week,10.8
2017,East Ayrshire,Once a month,13.1
2017,East Ayrshire,Less often,8.9
2017,East Ayrshire,Not at all,26.3
2017,East Ayrshire,Don't know,0.3
2017,East Ayrshire,Base,240
2019,East Ayrshire,Every day / Several times a week,31.4
2019,East Ayrshire,Once a week,10.3
2019,East Ayrshire,Once a month,16.4
2019,East Ayrshire,Less often,14.1
2019,East Ayrshire,Not at all,27.7
2019,East Ayrshire,Base,260
2023,East Ayrshire,Every day / Several times a week,33.3
2023,East Ayrshire,Once a week,15.7
2023,East Ayrshire,Once a month,12
2023,East Ayrshire,Less often,17.9
2023,East Ayrshire,Not at all,21.1
2023,East Ayrshire,Base,220
2013,East Dunbartonshire,Every day / Several times a week,31.4
2013,East Dunbartonshire,Once a week,11.4
2013,East Dunbartonshire,Once a month,16.3
2013,East Dunbartonshire,Less often,18.9
2013,East Dunbartonshire,Not at all,22.1
2013,East Dunbartonshire,Base,240
2014,East Dunbartonshire,Every day / Several times a week,38.3
2014,East Dunbartonshire,Once a week,13.1
2014,East Dunbartonshire,Once a month,19.9
2014,East Dunbartonshire,Less often,12
2014,East Dunbartonshire,Not at all,16.7
2014,East Dunbartonshire,Base,220
2015,East Dunbartonshire,Every day / Several times a week,36.5
2015,East Dunbartonshire,Once a week,14.3
2015,East Dunbartonshire,Once a month,13.5
2015,East Dunbartonshire,Less often,7.3
2015,East Dunbartonshire,Not at all,28
2015,East Dunbartonshire,Don't know,0.4
2015,East Dunbartonshire,Base,230
2016,East Dunbartonshire,Every day / Several times a week,39.4
2016,East Dunbartonshire,Once a week,16.5
2016,East Dunbartonshire,Once a month,15.3
2016,East Dunbartonshire,Less often,6.6
2016,East Dunbartonshire,Not at all,22.1
2016,East Dunbartonshire,Base,250
2017,East Dunbartonshire,Every day / Several times a week,36
2017,East Dunbartonshire,Once a week,11.4
2017,East Dunbartonshire,Once a month,19.7
2017,East Dunbartonshire,Less often,11.1
2017,East Dunbartonshire,Not at all,21.9
2017,East Dunbartonshire,Base,230
2019,East Dunbartonshire,Every day / Several times a week,31.8
2019,East Dunbartonshire,Once a week,9.8
2019,East Dunbartonshire,Once a month,18.7
2019,East Dunbartonshire,Less often,14
2019,East Dunbartonshire,Not at all,25.7
2019,East Dunbartonshire,Base,250
2023,East Dunbartonshire,Every day / Several times a week,40.9
2023,East Dunbartonshire,Once a week,11
2023,East Dunbartonshire,Once a month,15
2023,East Dunbartonshire,Less often,12.8
2023,East Dunbartonshire,Not at all,20.4
2023,East Dunbartonshire,Base,240
2013,East Lothian,Every day / Several times a week,57.1
2013,East Lothian,Once a week,12.3
2013,East Lothian,Once a month,8
2013,East Lothian,Less often,7.7
2013,East Lothian,Not at all,15
2013,East Lothian,Base,230
2014,East Lothian,Every day / Several times a week,43.5
2014,East Lothian,Once a week,15.3
2014,East Lothian,Once a month,13.9
2014,East Lothian,Less often,5.2
2014,East Lothian,Not at all,22.1
2014,East Lothian,Base,220
2015,East Lothian,Every day / Several times a week,47.9
2015,East Lothian,Once a week,18.1
2015,East Lothian,Once a month,16
2015,East Lothian,Less often,5.3
2015,East Lothian,Not at all,12.6
2015,East Lothian,Base,210
2016,East Lothian,Every day / Several times a week,53.3
2016,East Lothian,Once a week,11.8
2016,East Lothian,Once a month,11.7
2016,East Lothian,Less often,6.2
2016,East Lothian,Not at all,17.1
2016,East Lothian,Base,280
2017,East Lothian,Every day / Several times a week,53
2017,East Lothian,Once a week,11.4
2017,East Lothian,Once a month,12
2017,East Lothian,Less often,6.7
2017,East Lothian,Not at all,16.9
2017,East Lothian,Base,250
2019,East Lothian,Every day / Several times a week,48.8
2019,East Lothian,Once a week,10
2019,East Lothian,Once a month,15.8
2019,East Lothian,Less often,11.5
2019,East Lothian,Not at all,13.9
2019,East Lothian,Base,270
2023,East Lothian,Every day / Several times a week,63
2023,East Lothian,Once a week,8.2
2023,East Lothian,Once a month,7.3
2023,East Lothian,Less often,10.5
2023,East Lothian,Not at all,11.1
2023,East Lothian,Base,260
2013,East Renfrewshire,Every day / Several times a week,35.7
2013,East Renfrewshire,Once a week,16.1
2013,East Renfrewshire,Once a month,14
2013,East Renfrewshire,Less often,9.3
2013,East Renfrewshire,Not at all,24.9
2013,East Renfrewshire,Base,250
2014,East Renfrewshire,Every day / Several times a week,28.9
2014,East Renfrewshire,Once a week,12.5
2014,East Renfrewshire,Once a month,21
2014,East Renfrewshire,Less often,9.9
2014,East Renfrewshire,Not at all,27.7
2014,East Renfrewshire,Base,220
2015,East Renfrewshire,Every day / Several times a week,39
2015,East Renfrewshire,Once a week,18.5
2015,East Renfrewshire,Once a month,13.1
2015,East Renfrewshire,Less often,7.4
2015,East Renfrewshire,Not at all,22
2015,East Renfrewshire,Base,260
2016,East Renfrewshire,Every day / Several times a week,35.4
2016,East Renfrewshire,Once a week,17.8
2016,East Renfrewshire,Once a month,17.4
2016,East Renfrewshire,Less often,8.5
2016,East Renfrewshire,Not at all,20.9
2016,East Renfrewshire,Base,230
2017,East Renfrewshire,Every day / Several times a week,27.6
2017,East Renfrewshire,Once a week,19.3
2017,East Renfrewshire,Once a month,19.3
2017,East Renfrewshire,Less often,9.4
2017,East Renfrewshire,Not at all,24.1
2017,East Renfrewshire,Don't know,0.3
2017,East Renfrewshire,Base,230
2019,East Renfrewshire,Every day / Several times a week,24.5
2019,East Renfrewshire,Once a week,10.4
2019,East Renfrewshire,Once a month,21.3
2019,East Renfrewshire,Less often,14.3
2019,East Renfrewshire,Not at all,28.9
2019,East Renfrewshire,Don't know,0.7
2019,East Renfrewshire,Base,230
2023,East Renfrewshire,Every day / Several times a week,39.1
2023,East Renfrewshire,Once a week,21.7
2023,East Renfrewshire,Once a month,13.1
2023,East Renfrewshire,Less often,9.5
2023,East Renfrewshire,Not at all,16.6
2023,East Renfrewshire,Base,210
2013,"Edinburgh, City of",Every day / Several times a week,39.7
2013,"Edinburgh, City of",Once a week,15.9
2013,"Edinburgh, City of",Once a month,17
2013,"Edinburgh, City of",Less often,10.9
2013,"Edinburgh, City of",Not at all,16.5
2013,"Edinburgh, City of",Base,740
2014,"Edinburgh, City of",Every day / Several times a week,38.4
2014,"Edinburgh, City of",Once a week,14.3
2014,"Edinburgh, City of",Once a month,17.1
2014,"Edinburgh, City of",Less often,12.7
2014,"Edinburgh, City of",Not at all,17.5
2014,"Edinburgh, City of",Base,700
2015,"Edinburgh, City of",Every day / Several times a week,40.6
2015,"Edinburgh, City of",Once a week,18.3
2015,"Edinburgh, City of",Once a month,19.8
2015,"Edinburgh, City of",Less often,8.5
2015,"Edinburgh, City of",Not at all,12.6
2015,"Edinburgh, City of",Don't know,0.2
2015,"Edinburgh, City of",Base,620
2016,"Edinburgh, City of",Every day / Several times a week,40.9
2016,"Edinburgh, City of",Once a week,15.2
2016,"Edinburgh, City of",Once a month,16.4
2016,"Edinburgh, City of",Less often,9.5
2016,"Edinburgh, City of",Not at all,18
2016,"Edinburgh, City of",Base,710
2017,"Edinburgh, City of",Every day / Several times a week,41.6
2017,"Edinburgh, City of",Once a week,15.1
2017,"Edinburgh, City of",Once a month,18.9
2017,"Edinburgh, City of",Less often,9.2
2017,"Edinburgh, City of",Not at all,15.3
2017,"Edinburgh, City of",Base,700
2019,"Edinburgh, City of",Every day / Several times a week,38.6
2019,"Edinburgh, City of",Once a week,15.6
2019,"Edinburgh, City of",Once a month,19
2019,"Edinburgh, City of",Less often,12.2
2019,"Edinburgh, City of",Not at all,14.6
2019,"Edinburgh, City of",Base,840
2023,"Edinburgh, City of",Every day / Several times a week,52.2
2023,"Edinburgh, City of",Once a week,13.3
2023,"Edinburgh, City of",Once a month,13.5
2023,"Edinburgh, City of",Less often,7.6
2023,"Edinburgh, City of",Not at all,13.2
2023,"Edinburgh, City of",Don't know,0.2
2023,"Edinburgh, City of",Base,830
2013,Falkirk,Every day / Several times a week,36.5
2013,Falkirk,Once a week,11.2
2013,Falkirk,Once a month,17.4
2013,Falkirk,Less often,15.5
2013,Falkirk,Not at all,19.4
2013,Falkirk,Base,230
2014,Falkirk,Every day / Several times a week,35
2014,Falkirk,Once a week,12.5
2014,Falkirk,Once a month,27.7
2014,Falkirk,Less often,10.5
2014,Falkirk,Not at all,14.4
2014,Falkirk,Base,260
2015,Falkirk,Every day / Several times a week,32.1
2015,Falkirk,Once a week,15.6
2015,Falkirk,Once a month,20.6
2015,Falkirk,Less often,9.8
2015,Falkirk,Not at all,21.9
2015,Falkirk,Base,260
2016,Falkirk,Every day / Several times a week,27.8
2016,Falkirk,Once a week,22.3
2016,Falkirk,Once a month,17.4
2016,Falkirk,Less often,8.9
2016,Falkirk,Not at all,23.7
2016,Falkirk,Base,250
2017,Falkirk,Every day / Several times a week,28.3
2017,Falkirk,Once a week,14.4
2017,Falkirk,Once a month,25.8
2017,Falkirk,Less often,13.9
2017,Falkirk,Not at all,17.6
2017,Falkirk,Base,260
2019,Falkirk,Every day / Several times a week,37.5
2019,Falkirk,Once a week,13.9
2019,Falkirk,Once a month,14.1
2019,Falkirk,Less often,14.8
2019,Falkirk,Not at all,19.6
2019,Falkirk,Base,220
2023,Falkirk,Every day / Several times a week,42.1
2023,Falkirk,Once a week,12.1
2023,Falkirk,Once a month,16.8
2023,Falkirk,Less often,10.7
2023,Falkirk,Not at all,17.8
2023,Falkirk,Don't know,0.4
2023,Falkirk,Base,220
2013,Fife,Every day / Several times a week,37.9
2013,Fife,Once a week,15.5
2013,Fife,Once a month,14.2
2013,Fife,Less often,10.5
2013,Fife,Not at all,21.9
2013,Fife,Don't know,0.1
2013,Fife,Base,500
2014,Fife,Every day / Several times a week,42.4
2014,Fife,Once a week,11.7
2014,Fife,Once a month,13.9
2014,Fife,Less often,13.6
2014,Fife,Not at all,18.3
2014,Fife,Don't know,0.2
2014,Fife,Base,480
2015,Fife,Every day / Several times a week,40.6
2015,Fife,Once a week,14
2015,Fife,Once a month,10.9
2015,Fife,Less often,12.5
2015,Fife,Not at all,22.1
2015,Fife,Base,470
2016,Fife,Every day / Several times a week,38.4
2016,Fife,Once a week,12.6
2016,Fife,Once a month,18.6
2016,Fife,Less often,9.7
2016,Fife,Not at all,20.5
2016,Fife,Don't know,0.2
2016,Fife,Base,480
2017,Fife,Every day / Several times a week,47.4
2017,Fife,Once a week,13.2
2017,Fife,Once a month,14.4
2017,Fife,Less often,11.7
2017,Fife,Not at all,13.4
2017,Fife,Base,460
2019,Fife,Every day / Several times a week,39.6
2019,Fife,Once a week,17.8
2019,Fife,Once a month,12.6
2019,Fife,Less often,16.8
2019,Fife,Not at all,13.1
2019,Fife,Don't know,0.1
2019,Fife,Base,480
2023,Fife,Every day / Several times a week,44.2
2023,Fife,Once a week,12.9
2023,Fife,Once a month,14.5
2023,Fife,Less often,5.9
2023,Fife,Not at all,21.8
2023,Fife,Don't know,0.6
2023,Fife,Base,470
2013,Glasgow City,Every day / Several times a week,26.7
2013,Glasgow City,Once a week,12.2
2013,Glasgow City,Once a month,19.2
2013,Glasgow City,Less often,11.2
2013,Glasgow City,Not at all,30.4
2013,Glasgow City,Don't know,0.3
2013,Glasgow City,Base,890
2014,Glasgow City,Every day / Several times a week,28.7
2014,Glasgow City,Once a week,12.6
2014,Glasgow City,Once a month,17.1
2014,Glasgow City,Less often,10.6
2014,Glasgow City,Not at all,30.7
2014,Glasgow City,Don't know,0.2
2014,Glasgow City,Base,930
2015,Glasgow City,Every day / Several times a week,25.1
2015,Glasgow City,Once a week,14.2
2015,Glasgow City,Once a month,15.8
2015,Glasgow City,Less often,17.4
2015,Glasgow City,Not at all,27.4
2015,Glasgow City,Don't know,0.2
2015,Glasgow City,Base,800
2016,Glasgow City,Every day / Several times a week,27.9
2016,Glasgow City,Once a week,13.2
2016,Glasgow City,Once a month,19.2
2016,Glasgow City,Less often,12.8
2016,Glasgow City,Not at all,26.9
2016,Glasgow City,Don't know,0.1
2016,Glasgow City,Base,790
2017,Glasgow City,Every day / Several times a week,32.1
2017,Glasgow City,Once a week,12.5
2017,Glasgow City,Once a month,18.5
2017,Glasgow City,Less often,15
2017,Glasgow City,Not at all,21.8
2017,Glasgow City,Don't know,0.1
2017,Glasgow City,Base,820
2019,Glasgow City,Every day / Several times a week,31.1
2019,Glasgow City,Once a week,13
2019,Glasgow City,Once a month,19.1
2019,Glasgow City,Less often,14.7
2019,Glasgow City,Not at all,21.9
2019,Glasgow City,Don't know,0.1
2019,Glasgow City,Base,820
2023,Glasgow City,Every day / Several times a week,33.1
2023,Glasgow City,Once a week,13.8
2023,Glasgow City,Once a month,17.3
2023,Glasgow City,Less often,14.3
2023,Glasgow City,Not at all,21.4
2023,Glasgow City,Don't know,0
2023,Glasgow City,Base,870
2013,Highland,Every day / Several times a week,39.7
2013,Highland,Once a week,11.7
2013,Highland,Once a month,9.3
2013,Highland,Less often,12.5
2013,Highland,Not at all,26.7
2013,Highland,Base,270
2014,Highland,Every day / Several times a week,51.9
2014,Highland,Once a week,13.5
2014,Highland,Once a month,9.1
2014,Highland,Less often,6.9
2014,Highland,Not at all,18.6
2014,Highland,Base,310
2015,Highland,Every day / Several times a week,44.6
2015,Highland,Once a week,9.9
2015,Highland,Once a month,10.8
2015,Highland,Less often,19.9
2015,Highland,Not at all,14.8
2015,Highland,Base,290
2016,Highland,Every day / Several times a week,51.5
2016,Highland,Once a week,13
2016,Highland,Once a month,13
2016,Highland,Less often,9.4
2016,Highland,Not at all,13.1
2016,Highland,Base,270
2017,Highland,Every day / Several times a week,56.4
2017,Highland,Once a week,5.3
2017,Highland,Once a month,12.8
2017,Highland,Less often,10.3
2017,Highland,Not at all,15.3
2017,Highland,Base,310
2019,Highland,Every day / Several times a week,42.3
2019,Highland,Once a week,7.7
2019,Highland,Once a month,14
2019,Highland,Less often,10.2
2019,Highland,Not at all,25.8
2019,Highland,Base,320
2023,Highland,Every day / Several times a week,55.7
2023,Highland,Once a week,8.6
2023,Highland,Once a month,9.8
2023,Highland,Less often,6.8
2023,Highland,Not at all,18.8
2023,Highland,Don't know,0.3
2023,Highland,Base,320
2013,Inverclyde,Every day / Several times a week,25.2
2013,Inverclyde,Once a week,15.3
2013,Inverclyde,Once a month,12.3
2013,Inverclyde,Less often,13.6
2013,Inverclyde,Not at all,33.3
2013,Inverclyde,Don't know,0.2
2013,Inverclyde,Base,240
2014,Inverclyde,Every day / Several times a week,25.5
2014,Inverclyde,Once a week,10
2014,Inverclyde,Once a month,15.5
2014,Inverclyde,Less often,8.9
2014,Inverclyde,Not at all,40.1
2014,Inverclyde,Base,250
2015,Inverclyde,Every day / Several times a week,26.4
2015,Inverclyde,Once a week,12.5
2015,Inverclyde,Once a month,14.8
2015,Inverclyde,Less often,8.9
2015,Inverclyde,Not at all,37.4
2015,Inverclyde,Base,260
2016,Inverclyde,Every day / Several times a week,24.8
2016,Inverclyde,Once a week,14.6
2016,Inverclyde,Once a month,13.9
2016,Inverclyde,Less often,16.3
2016,Inverclyde,Not at all,30.3
2016,Inverclyde,Base,240
2017,Inverclyde,Every day / Several times a week,27.6
2017,Inverclyde,Once a week,10.9
2017,Inverclyde,Once a month,14.2
2017,Inverclyde,Less often,11
2017,Inverclyde,Not at all,36.3
2017,Inverclyde,Base,260
2019,Inverclyde,Every day / Several times a week,26.9
2019,Inverclyde,Once a week,14.5
2019,Inverclyde,Once a month,13.2
2019,Inverclyde,Less often,13.3
2019,Inverclyde,Not at all,32.1
2019,Inverclyde,Base,230
2023,Inverclyde,Every day / Several times a week,47.1
2023,Inverclyde,Once a week,15
2023,Inverclyde,Once a month,8.8
2023,Inverclyde,Less often,12.2
2023,Inverclyde,Not at all,16.8
2023,Inverclyde,Base,230
2013,Midlothian,Every day / Several times a week,34
2013,Midlothian,Once a week,14.9
2013,Midlothian,Once a month,18.4
2013,Midlothian,Less often,9.6
2013,Midlothian,Not at all,23.1
2013,Midlothian,Base,240
2014,Midlothian,Every day / Several times a week,40.3
2014,Midlothian,Once a week,12.1
2014,Midlothian,Once a month,19.6
2014,Midlothian,Less often,6.1
2014,Midlothian,Not at all,21.9
2014,Midlothian,Base,190
2015,Midlothian,Every day / Several times a week,44.2
2015,Midlothian,Once a week,17.1
2015,Midlothian,Once a month,19.5
2015,Midlothian,Less often,5.8
2015,Midlothian,Not at all,13
2015,Midlothian,Don't know,0.5
2015,Midlothian,Base,200
2016,Midlothian,Every day / Several times a week,36.8
2016,Midlothian,Once a week,13.6
2016,Midlothian,Once a month,21.4
2016,Midlothian,Less often,7.9
2016,Midlothian,Not at all,20.3
2016,Midlothian,Base,260
2017,Midlothian,Every day / Several times a week,38.9
2017,Midlothian,Once a week,11.6
2017,Midlothian,Once a month,16.4
2017,Midlothian,Less often,11.1
2017,Midlothian,Not at all,21.8
2017,Midlothian,Don't know,0.2
2017,Midlothian,Base,260
2019,Midlothian,Every day / Several times a week,32.3
2019,Midlothian,Once a week,17.8
2019,Midlothian,Once a month,19.6
2019,Midlothian,Less often,12.1
2019,Midlothian,Not at all,18
2019,Midlothian,Don't know,0.2
2019,Midlothian,Base,280
2023,Midlothian,Every day / Several times a week,52.3
2023,Midlothian,Once a week,12.2
2023,Midlothian,Once a month,7.7
2023,Midlothian,Less often,6.5
2023,Midlothian,Not at all,21.4
2023,Midlothian,Base,230
2013,Moray,Every day / Several times a week,42.2
2013,Moray,Once a week,14
2013,Moray,Once a month,17.7
2013,Moray,Less often,14.8
2013,Moray,Not at all,11.4
2013,Moray,Base,240
2014,Moray,Every day / Several times a week,37.7
2014,Moray,Once a week,15
2014,Moray,Once a month,12
2014,Moray,Less often,11.9
2014,Moray,Not at all,23.5
2014,Moray,Base,250
2015,Moray,Every day / Several times a week,40
2015,Moray,Once a week,11.5
2015,Moray,Once a month,13.6
2015,Moray,Less often,13.7
2015,Moray,Not at all,21.3
2015,Moray,Base,250
2016,Moray,Every day / Several times a week,43.3
2016,Moray,Once a week,9.2
2016,Moray,Once a month,13
2016,Moray,Less often,11.5
2016,Moray,Not at all,22.5
2016,Moray,Don't know,0.5
2016,Moray,Base,240
2017,Moray,Every day / Several times a week,49.8
2017,Moray,Once a week,7.6
2017,Moray,Once a month,10.4
2017,Moray,Less often,11.5
2017,Moray,Not at all,20.7
2017,Moray,Base,220
2019,Moray,Every day / Several times a week,34.3
2019,Moray,Once a week,11.3
2019,Moray,Once a month,14.9
2019,Moray,Less often,8.5
2019,Moray,Not at all,31.1
2019,Moray,Base,220
2023,Moray,Every day / Several times a week,43.6
2023,Moray,Once a week,13.5
2023,Moray,Once a month,13.9
2023,Moray,Less often,10
2023,Moray,Not at all,19
2023,Moray,Base,230
2013,Na h-Eileanan Siar,Every day / Several times a week,48.9
2013,Na h-Eileanan Siar,Once a week,12.4
2013,Na h-Eileanan Siar,Once a month,8.7
2013,Na h-Eileanan Siar,Less often,13
2013,Na h-Eileanan Siar,Not at all,17.1
2013,Na h-Eileanan Siar,Base,270
2014,Na h-Eileanan Siar,Every day / Several times a week,58.3
2014,Na h-Eileanan Siar,Once a week,10.6
2014,Na h-Eileanan Siar,Once a month,7.9
2014,Na h-Eileanan Siar,Less often,12
2014,Na h-Eileanan Siar,Not at all,11.3
2014,Na h-Eileanan Siar,Base,260
2015,Na h-Eileanan Siar,Every day / Several times a week,51.1
2015,Na h-Eileanan Siar,Once a week,9.8
2015,Na h-Eileanan Siar,Once a month,7.5
2015,Na h-Eileanan Siar,Less often,16.9
2015,Na h-Eileanan Siar,Not at all,14.7
2015,Na h-Eileanan Siar,Base,280
2016,Na h-Eileanan Siar,Every day / Several times a week,47.3
2016,Na h-Eileanan Siar,Once a week,8.6
2016,Na h-Eileanan Siar,Once a month,9.9
2016,Na h-Eileanan Siar,Less often,18.1
2016,Na h-Eileanan Siar,Not at all,16.2
2016,Na h-Eileanan Siar,Base,250
2017,Na h-Eileanan Siar,Every day / Several times a week,49.9
2017,Na h-Eileanan Siar,Once a week,10.7
2017,Na h-Eileanan Siar,Once a month,11.8
2017,Na h-Eileanan Siar,Less often,8.6
2017,Na h-Eileanan Siar,Not at all,18.9
2017,Na h-Eileanan Siar,Base,320
2019,Na h-Eileanan Siar,Every day / Several times a week,37.4
2019,Na h-Eileanan Siar,Once a week,13
2019,Na h-Eileanan Siar,Once a month,12
2019,Na h-Eileanan Siar,Less often,17.8
2019,Na h-Eileanan Siar,Not at all,19.8
2019,Na h-Eileanan Siar,Base,280
2023,Na h-Eileanan Siar,Every day / Several times a week,42.7
2023,Na h-Eileanan Siar,Once a week,9.2
2023,Na h-Eileanan Siar,Once a month,15.1
2023,Na h-Eileanan Siar,Less often,8.8
2023,Na h-Eileanan Siar,Not at all,24.1
2023,Na h-Eileanan Siar,Base,260
2013,North Ayrshire,Every day / Several times a week,30.8
2013,North Ayrshire,Once a week,16.8
2013,North Ayrshire,Once a month,16.2
2013,North Ayrshire,Less often,15.8
2013,North Ayrshire,Not at all,20.4
2013,North Ayrshire,Base,240
2014,North Ayrshire,Every day / Several times a week,40.3
2014,North Ayrshire,Once a week,14.8
2014,North Ayrshire,Once a month,11.4
2014,North Ayrshire,Less often,8.5
2014,North Ayrshire,Not at all,24.4
2014,North Ayrshire,Don't know,0.6
2014,North Ayrshire,Base,240
2015,North Ayrshire,Every day / Several times a week,45.9
2015,North Ayrshire,Once a week,11.2
2015,North Ayrshire,Once a month,12.1
2015,North Ayrshire,Less often,8.2
2015,North Ayrshire,Not at all,22.6
2015,North Ayrshire,Base,240
2016,North Ayrshire,Every day / Several times a week,33
2016,North Ayrshire,Once a week,11
2016,North Ayrshire,Once a month,13.6
2016,North Ayrshire,Less often,17.3
2016,North Ayrshire,Not at all,25.1
2016,North Ayrshire,Base,250
2017,North Ayrshire,Every day / Several times a week,34.5
2017,North Ayrshire,Once a week,10.6
2017,North Ayrshire,Once a month,10.8
2017,North Ayrshire,Less often,14.1
2017,North Ayrshire,Not at all,28.7
2017,North Ayrshire,Don't know,1.3
2017,North Ayrshire,Base,210
2019,North Ayrshire,Every day / Several times a week,39.8
2019,North Ayrshire,Once a week,11.5
2019,North Ayrshire,Once a month,16.7
2019,North Ayrshire,Less often,8.8
2019,North Ayrshire,Not at all,22.5
2019,North Ayrshire,Don't know,0.7
2019,North Ayrshire,Base,230
2023,North Ayrshire,Every day / Several times a week,48.2
2023,North Ayrshire,Once a week,12.2
2023,North Ayrshire,Once a month,9.6
2023,North Ayrshire,Less often,6.2
2023,North Ayrshire,Not at all,23.8
2023,North Ayrshire,Base,230
2013,North Lanarkshire,Every day / Several times a week,26.1
2013,North Lanarkshire,Once a week,10.3
2013,North Lanarkshire,Once a month,13.1
2013,North Lanarkshire,Less often,18.1
2013,North Lanarkshire,Not at all,32.4
2013,North Lanarkshire,Base,420
2014,North Lanarkshire,Every day / Several times a week,26.7
2014,North Lanarkshire,Once a week,11.7
2014,North Lanarkshire,Once a month,12.5
2014,North Lanarkshire,Less often,11.1
2014,North Lanarkshire,Not at all,38.1
2014,North Lanarkshire,Base,450
2015,North Lanarkshire,Every day / Several times a week,24.9
2015,North Lanarkshire,Once a week,10.5
2015,North Lanarkshire,Once a month,14.9
2015,North Lanarkshire,Less often,14.1
2015,North Lanarkshire,Not at all,35.7
2015,North Lanarkshire,Base,400
2016,North Lanarkshire,Every day / Several times a week,31.2
2016,North Lanarkshire,Once a week,6.8
2016,North Lanarkshire,Once a month,11.7
2016,North Lanarkshire,Less often,17.2
2016,North Lanarkshire,Not at all,32.9
2016,North Lanarkshire,Don't know,0.2
2016,North Lanarkshire,Base,430
2017,North Lanarkshire,Every day / Several times a week,26.5
2017,North Lanarkshire,Once a week,13.8
2017,North Lanarkshire,Once a month,17.3
2017,North Lanarkshire,Less often,13.5
2017,North Lanarkshire,Not at all,29
2017,North Lanarkshire,Base,410
2019,North Lanarkshire,Every day / Several times a week,23.5
2019,North Lanarkshire,Once a week,9.6
2019,North Lanarkshire,Once a month,16.2
2019,North Lanarkshire,Less often,16.4
2019,North Lanarkshire,Not at all,33.9
2019,North Lanarkshire,Don't know,0.4
2019,North Lanarkshire,Base,450
2023,North Lanarkshire,Every day / Several times a week,30.4
2023,North Lanarkshire,Once a week,10.5
2023,North Lanarkshire,Once a month,17.7
2023,North Lanarkshire,Less often,15.4
2023,North Lanarkshire,Not at all,25.3
2023,North Lanarkshire,Don't know,0.8
2023,North Lanarkshire,Base,460
2013,Orkney Islands,Every day / Several times a week,56.7
2013,Orkney Islands,Once a week,12.4
2013,Orkney Islands,Once a month,3.8
2013,Orkney Islands,Less often,6.7
2013,Orkney Islands,Not at all,20
2013,Orkney Islands,Don't know,0.3
2013,Orkney Islands,Base,280
2014,Orkney Islands,Every day / Several times a week,56.6
2014,Orkney Islands,Once a week,14.6
2014,Orkney Islands,Once a month,7.9
2014,Orkney Islands,Less often,2.1
2014,Orkney Islands,Not at all,18.8
2014,Orkney Islands,Base,270
2015,Orkney Islands,Every day / Several times a week,46
2015,Orkney Islands,Once a week,13.2
2015,Orkney Islands,Once a month,8.1
2015,Orkney Islands,Less often,11.1
2015,Orkney Islands,Not at all,21.1
2015,Orkney Islands,Don't know,0.5
2015,Orkney Islands,Base,280
2016,Orkney Islands,Every day / Several times a week,37.9
2016,Orkney Islands,Once a week,7.8
2016,Orkney Islands,Once a month,8.8
2016,Orkney Islands,Less often,13.5
2016,Orkney Islands,Not at all,31.4
2016,Orkney Islands,Don't know,0.6
2016,Orkney Islands,Base,230
2017,Orkney Islands,Every day / Several times a week,36.6
2017,Orkney Islands,Once a week,10.5
2017,Orkney Islands,Once a month,14.8
2017,Orkney Islands,Less often,13.6
2017,Orkney Islands,Not at all,24.4
2017,Orkney Islands,Base,240
2019,Orkney Islands,Every day / Several times a week,28.1
2019,Orkney Islands,Once a week,9.9
2019,Orkney Islands,Once a month,9.2
2019,Orkney Islands,Less often,12.4
2019,Orkney Islands,Not at all,40.2
2019,Orkney Islands,Don't know,0.2
2019,Orkney Islands,Base,250
2023,Orkney Islands,Every day / Several times a week,55.6
2023,Orkney Islands,Once a week,10.3
2023,Orkney Islands,Once a month,13
2023,Orkney Islands,Less often,7
2023,Orkney Islands,Not at all,14.2
2023,Orkney Islands,Base,260
2013,Perth and Kinross,Every day / Several times a week,38.9
2013,Perth and Kinross,Once a week,11.6
2013,Perth and Kinross,Once a month,26.5
2013,Perth and Kinross,Less often,11.2
2013,Perth and Kinross,Not at all,11.8
2013,Perth and Kinross,Base,260
2014,Perth and Kinross,Every day / Several times a week,34.9
2014,Perth and Kinross,Once a week,18.5
2014,Perth and Kinross,Once a month,21.8
2014,Perth and Kinross,Less often,12.5
2014,Perth and Kinross,Not at all,12.4
2014,Perth and Kinross,Base,250
2015,Perth and Kinross,Every day / Several times a week,38.5
2015,Perth and Kinross,Once a week,13.5
2015,Perth and Kinross,Once a month,18
2015,Perth and Kinross,Less often,9.5
2015,Perth and Kinross,Not at all,20.5
2015,Perth and Kinross,Base,240
2016,Perth and Kinross,Every day / Several times a week,46
2016,Perth and Kinross,Once a week,12.9
2016,Perth and Kinross,Once a month,16.3
2016,Perth and Kinross,Less often,5
2016,Perth and Kinross,Not at all,19.9
2016,Perth and Kinross,Base,220
2017,Perth and Kinross,Every day / Several times a week,47.2
2017,Perth and Kinross,Once a week,13.5
2017,Perth and Kinross,Once a month,13
2017,Perth and Kinross,Less often,6.7
2017,Perth and Kinross,Not at all,19.6
2017,Perth and Kinross,Base,240
2019,Perth and Kinross,Every day / Several times a week,41.5
2019,Perth and Kinross,Once a week,12.9
2019,Perth and Kinross,Once a month,17.2
2019,Perth and Kinross,Less often,14
2019,Perth and Kinross,Not at all,14.4
2019,Perth and Kinross,Base,200
2023,Perth and Kinross,Every day / Several times a week,69.3
2023,Perth and Kinross,Once a week,8.5
2023,Perth and Kinross,Once a month,7.2
2023,Perth and Kinross,Less often,7.9
2023,Perth and Kinross,Not at all,7.1
2023,Perth and Kinross,Base,250
2013,Renfrewshire,Every day / Several times a week,32.8
2013,Renfrewshire,Once a week,11.8
2013,Renfrewshire,Once a month,14.3
2013,Renfrewshire,Less often,7.6
2013,Renfrewshire,Not at all,33.5
2013,Renfrewshire,Base,260
2014,Renfrewshire,Every day / Several times a week,24.9
2014,Renfrewshire,Once a week,13.1
2014,Renfrewshire,Once a month,13
2014,Renfrewshire,Less often,21.7
2014,Renfrewshire,Not at all,27.1
2014,Renfrewshire,Don't know,0.2
2014,Renfrewshire,Base,240
2015,Renfrewshire,Every day / Several times a week,23.5
2015,Renfrewshire,Once a week,12
2015,Renfrewshire,Once a month,16.3
2015,Renfrewshire,Less often,16.1
2015,Renfrewshire,Not at all,32.1
2015,Renfrewshire,Base,280
2016,Renfrewshire,Every day / Several times a week,26.7
2016,Renfrewshire,Once a week,8.3
2016,Renfrewshire,Once a month,17.7
2016,Renfrewshire,Less often,16
2016,Renfrewshire,Not at all,31.2
2016,Renfrewshire,Base,260
2017,Renfrewshire,Every day / Several times a week,25.4
2017,Renfrewshire,Once a week,16.8
2017,Renfrewshire,Once a month,14.4
2017,Renfrewshire,Less often,16.1
2017,Renfrewshire,Not at all,27.4
2017,Renfrewshire,Base,220
2019,Renfrewshire,Every day / Several times a week,23.7
2019,Renfrewshire,Once a week,9.1
2019,Renfrewshire,Once a month,18.9
2019,Renfrewshire,Less often,16.6
2019,Renfrewshire,Not at all,30.5
2019,Renfrewshire,Don't know,1.2
2019,Renfrewshire,Base,240
2023,Renfrewshire,Every day / Several times a week,39.5
2023,Renfrewshire,Once a week,17.6
2023,Renfrewshire,Once a month,12.9
2023,Renfrewshire,Less often,10.6
2023,Renfrewshire,Not at all,19
2023,Renfrewshire,Don't know,0.3
2023,Renfrewshire,Base,270
2013,Scotland,Every day / Several times a week,36.1
2013,Scotland,Once a week,12.9
2013,Scotland,Once a month,15.1
2013,Scotland,Less often,12
2013,Scotland,Not at all,23.7
2013,Scotland,Don't know,0.1
2013,Scotland,Base,9760
2014,Scotland,Every day / Several times a week,37.3
2014,Scotland,Once a week,12.5
2014,Scotland,Once a month,15.2
2014,Scotland,Less often,10.9
2014,Scotland,Not at all,24
2014,Scotland,Don't know,0.2
2014,Scotland,Base,9650
2015,Scotland,Every day / Several times a week,35.9
2015,Scotland,Once a week,13.7
2015,Scotland,Once a month,15.2
2015,Scotland,Less often,11.8
2015,Scotland,Not at all,23.3
2015,Scotland,Don't know,0.1
2015,Scotland,Base,9300
2016,Scotland,Every day / Several times a week,36
2016,Scotland,Once a week,12.8
2016,Scotland,Once a month,16.4
2016,Scotland,Less often,11.4
2016,Scotland,Not at all,23.3
2016,Scotland,Don't know,0.1
2016,Scotland,Base,9490
2017,Scotland,Every day / Several times a week,36.8
2017,Scotland,Once a week,12.6
2017,Scotland,Once a month,15.8
2017,Scotland,Less often,11.5
2017,Scotland,Not at all,23.1
2017,Scotland,Don't know,0.1
2017,Scotland,Base,9660
2019,Scotland,Every day / Several times a week,36
2019,Scotland,Once a week,12.5
2019,Scotland,Once a month,16.2
2019,Scotland,Less often,13.6
2019,Scotland,Not at all,21.5
2019,Scotland,Don't know,0.2
2019,Scotland,Base,9580
2023,Scotland,Every day / Several times a week,44
2023,Scotland,Once a week,12.6
2023,Scotland,Once a month,13.9
2023,Scotland,Less often,10.6
2023,Scotland,Not at all,18.6
2023,Scotland,Don't know,0.2
2023,Scotland,Base,9560
2013,Scottish Borders,Every day / Several times a week,49.2
2013,Scottish Borders,Once a week,14.5
2013,Scottish Borders,Once a month,13
2013,Scottish Borders,Less often,8.7
2013,Scottish Borders,Not at all,14.4
2013,Scottish Borders,Don't know,0.2
2013,Scottish Borders,Base,250
2014,Scottish Borders,Every day / Several times a week,51.7
2014,Scottish Borders,Once a week,14.1
2014,Scottish Borders,Once a month,11.1
2014,Scottish Borders,Less often,9.9
2014,Scottish Borders,Not at all,12.8
2014,Scottish Borders,Don't know,0.4
2014,Scottish Borders,Base,250
2015,Scottish Borders,Every day / Several times a week,46.7
2015,Scottish Borders,Once a week,11.4
2015,Scottish Borders,Once a month,16.7
2015,Scottish Borders,Less often,9.7
2015,Scottish Borders,Not at all,15.6
2015,Scottish Borders,Base,210
2016,Scottish Borders,Every day / Several times a week,49.6
2016,Scottish Borders,Once a week,13.7
2016,Scottish Borders,Once a month,13.1
2016,Scottish Borders,Less often,8.5
2016,Scottish Borders,Not at all,14.4
2016,Scottish Borders,Don't know,0.6
2016,Scottish Borders,Base,230
2017,Scottish Borders,Every day / Several times a week,39.7
2017,Scottish Borders,Once a week,14.2
2017,Scottish Borders,Once a month,9.1
2017,Scottish Borders,Less often,10
2017,Scottish Borders,Not at all,26.7
2017,Scottish Borders,Don't know,0.2
2017,Scottish Borders,Base,210
2019,Scottish Borders,Every day / Several times a week,55.5
2019,Scottish Borders,Once a week,13.1
2019,Scottish Borders,Once a month,11.2
2019,Scottish Borders,Less often,8
2019,Scottish Borders,Not at all,12.2
2019,Scottish Borders,Base,240
2023,Scottish Borders,Every day / Several times a week,62.9
2023,Scottish Borders,Once a week,7
2023,Scottish Borders,Once a month,10.5
2023,Scottish Borders,Less often,12
2023,Scottish Borders,Not at all,7.2
2023,Scottish Borders,Don't know,0.3
2023,Scottish Borders,Base,220
2013,Shetland Islands,Every day / Several times a week,45.2
2013,Shetland Islands,Once a week,16.6
2013,Shetland Islands,Once a month,11.7
2013,Shetland Islands,Less often,12.7
2013,Shetland Islands,Not at all,13.3
2013,Shetland Islands,Don't know,0.5
2013,Shetland Islands,Base,260
2014,Shetland Islands,Every day / Several times a week,46
2014,Shetland Islands,Once a week,12.3
2014,Shetland Islands,Once a month,11
2014,Shetland Islands,Less often,11
2014,Shetland Islands,Not at all,19.6
2014,Shetland Islands,Don't know,0.2
2014,Shetland Islands,Base,260
2015,Shetland Islands,Every day / Several times a week,48.4
2015,Shetland Islands,Once a week,5.3
2015,Shetland Islands,Once a month,11.6
2015,Shetland Islands,Less often,13.6
2015,Shetland Islands,Not at all,21.1
2015,Shetland Islands,Base,230
2016,Shetland Islands,Every day / Several times a week,51.7
2016,Shetland Islands,Once a week,10.7
2016,Shetland Islands,Once a month,15.1
2016,Shetland Islands,Less often,9.3
2016,Shetland Islands,Not at all,13.1
2016,Shetland Islands,Don't know,0.2
2016,Shetland Islands,Base,260
2017,Shetland Islands,Every day / Several times a week,58.9
2017,Shetland Islands,Once a week,11.5
2017,Shetland Islands,Once a month,11.6
2017,Shetland Islands,Less often,4.5
2017,Shetland Islands,Not at all,13.1
2017,Shetland Islands,Don't know,0.5
2017,Shetland Islands,Base,250
2019,Shetland Islands,Every day / Several times a week,51.9
2019,Shetland Islands,Once a week,16.4
2019,Shetland Islands,Once a month,12.2
2019,Shetland Islands,Less often,9.6
2019,Shetland Islands,Not at all,9.9
2019,Shetland Islands,Base,210
2023,Shetland Islands,Every day / Several times a week,68
2023,Shetland Islands,Once a week,8.3
2023,Shetland Islands,Once a month,7.6
2023,Shetland Islands,Less often,7.4
2023,Shetland Islands,Not at all,8.8
2023,Shetland Islands,Base,250
2013,South Ayrshire,Every day / Several times a week,40.4
2013,South Ayrshire,Once a week,9
2013,South Ayrshire,Once a month,16.1
2013,South Ayrshire,Less often,9.7
2013,South Ayrshire,Not at all,24.9
2013,South Ayrshire,Base,250
2014,South Ayrshire,Every day / Several times a week,46.3
2014,South Ayrshire,Once a week,11.8
2014,South Ayrshire,Once a month,7.6
2014,South Ayrshire,Less often,9.7
2014,South Ayrshire,Not at all,24.5
2014,South Ayrshire,Base,250
2015,South Ayrshire,Every day / Several times a week,45.3
2015,South Ayrshire,Once a week,12.7
2015,South Ayrshire,Once a month,12.7
2015,South Ayrshire,Less often,6.9
2015,South Ayrshire,Not at all,21.9
2015,South Ayrshire,Don't know,0.4
2015,South Ayrshire,Base,270
2016,South Ayrshire,Every day / Several times a week,44.4
2016,South Ayrshire,Once a week,10.2
2016,South Ayrshire,Once a month,13.3
2016,South Ayrshire,Less often,7.5
2016,South Ayrshire,Not at all,24.7
2016,South Ayrshire,Base,250
2017,South Ayrshire,Every day / Several times a week,41.1
2017,South Ayrshire,Once a week,16.2
2017,South Ayrshire,Once a month,8.3
2017,South Ayrshire,Less often,6.8
2017,South Ayrshire,Not at all,27.5
2017,South Ayrshire,Base,260
2019,South Ayrshire,Every day / Several times a week,41.3
2019,South Ayrshire,Once a week,12.9
2019,South Ayrshire,Once a month,15.4
2019,South Ayrshire,Less often,10.9
2019,South Ayrshire,Not at all,19.5
2019,South Ayrshire,Base,250
2023,South Ayrshire,Every day / Several times a week,54.2
2023,South Ayrshire,Once a week,13.1
2023,South Ayrshire,Once a month,6.7
2023,South Ayrshire,Less often,8.3
2023,South Ayrshire,Not at all,17.7
2023,South Ayrshire,Base,210
2013,South Lanarkshire,Every day / Several times a week,29.2
2013,South Lanarkshire,Once a week,13
2013,South Lanarkshire,Once a month,12.8
2013,South Lanarkshire,Less often,10.9
2013,South Lanarkshire,Not at all,33.6
2013,South Lanarkshire,Don't know,0.5
2013,South Lanarkshire,Base,410
2014,South Lanarkshire,Every day / Several times a week,29.8
2014,South Lanarkshire,Once a week,10.2
2014,South Lanarkshire,Once a month,15
2014,South Lanarkshire,Less often,10.6
2014,South Lanarkshire,Not at all,34
2014,South Lanarkshire,Don't know,0.4
2014,South Lanarkshire,Base,400
2015,South Lanarkshire,Every day / Several times a week,29.1
2015,South Lanarkshire,Once a week,11
2015,South Lanarkshire,Once a month,12.6
2015,South Lanarkshire,Less often,14.9
2015,South Lanarkshire,Not at all,32.1
2015,South Lanarkshire,Don't know,0.3
2015,South Lanarkshire,Base,380
2016,South Lanarkshire,Every day / Several times a week,28.5
2016,South Lanarkshire,Once a week,9.6
2016,South Lanarkshire,Once a month,19.1
2016,South Lanarkshire,Less often,16.3
2016,South Lanarkshire,Not at all,26.1
2016,South Lanarkshire,Don't know,0.4
2016,South Lanarkshire,Base,390
2017,South Lanarkshire,Every day / Several times a week,23.3
2017,South Lanarkshire,Once a week,13
2017,South Lanarkshire,Once a month,16.8
2017,South Lanarkshire,Less often,12.9
2017,South Lanarkshire,Not at all,33.6
2017,South Lanarkshire,Don't know,0.3
2017,South Lanarkshire,Base,420
2019,South Lanarkshire,Every day / Several times a week,29.9
2019,South Lanarkshire,Once a week,8.4
2019,South Lanarkshire,Once a month,15.4
2019,South Lanarkshire,Less often,15.4
2019,South Lanarkshire,Not at all,30.3
2019,South Lanarkshire,Don't know,0.6
2019,South Lanarkshire,Base,410
2023,South Lanarkshire,Every day / Several times a week,39.5
2023,South Lanarkshire,Once a week,11.7
2023,South Lanarkshire,Once a month,13.9
2023,South Lanarkshire,Less often,12.9
2023,South Lanarkshire,Not at all,21.6
2023,South Lanarkshire,Don't know,0.4
2023,South Lanarkshire,Base,450
2013,Stirling,Every day / Several times a week,46.2
2013,Stirling,Once a week,18.1
2013,Stirling,Once a month,14.4
2013,Stirling,Less often,14.5
2013,Stirling,Not at all,6.5
2013,Stirling,Don't know,0.3
2013,Stirling,Base,240
2014,Stirling,Every day / Several times a week,60
2014,Stirling,Once a week,14.5
2014,Stirling,Once a month,11.4
2014,Stirling,Less often,6.2
2014,Stirling,Not at all,7.5
2014,Stirling,Don't know,0.4
2014,Stirling,Base,250
2015,Stirling,Every day / Several times a week,48.1
2015,Stirling,Once a week,13.7
2015,Stirling,Once a month,14.6
2015,Stirling,Less often,9.9
2015,Stirling,Not at all,13.4
2015,Stirling,Don't know,0.3
2015,Stirling,Base,240
2016,Stirling,Every day / Several times a week,38.9
2016,Stirling,Once a week,12.2
2016,Stirling,Once a month,14.4
2016,Stirling,Less often,2.5
2016,Stirling,Not at all,30.7
2016,Stirling,Don't know,1.4
2016,Stirling,Base,260
2017,Stirling,Every day / Several times a week,41.2
2017,Stirling,Once a week,8.3
2017,Stirling,Once a month,11.5
2017,Stirling,Less often,6.7
2017,Stirling,Not at all,32.4
2017,Stirling,Base,280
2019,Stirling,Every day / Several times a week,54
2019,Stirling,Once a week,12.2
2019,Stirling,Once a month,13.1
2019,Stirling,Less often,12.8
2019,Stirling,Not at all,8
2019,Stirling,Base,210
2023,Stirling,Every day / Several times a week,59.5
2023,Stirling,Once a week,15.5
2023,Stirling,Once a month,8.9
2023,Stirling,Less often,5.3
2023,Stirling,Not at all,10.2
2023,Stirling,Don't know,0.6
2023,Stirling,Base,230
2013,West Dunbartonshire,Every day / Several times a week,24.8
2013,West Dunbartonshire,Once a week,15.7
2013,West Dunbartonshire,Once a month,14.9
2013,West Dunbartonshire,Less often,12.6
2013,West Dunbartonshire,Not at all,31.8
2013,West Dunbartonshire,Don't know,0.4
2013,West Dunbartonshire,Base,250
2014,West Dunbartonshire,Every day / Several times a week,24.7
2014,West Dunbartonshire,Once a week,7.7
2014,West Dunbartonshire,Once a month,17.4
2014,West Dunbartonshire,Less often,11.7
2014,West Dunbartonshire,Not at all,38.3
2014,West Dunbartonshire,Don't know,0.2
2014,West Dunbartonshire,Base,270
2015,West Dunbartonshire,Every day / Several times a week,30.5
2015,West Dunbartonshire,Once a week,5.9
2015,West Dunbartonshire,Once a month,15.6
2015,West Dunbartonshire,Less often,10.6
2015,West Dunbartonshire,Not at all,37.4
2015,West Dunbartonshire,Base,230
2016,West Dunbartonshire,Every day / Several times a week,20.6
2016,West Dunbartonshire,Once a week,11.4
2016,West Dunbartonshire,Once a month,16.2
2016,West Dunbartonshire,Less often,11.3
2016,West Dunbartonshire,Not at all,40.1
2016,West Dunbartonshire,Don't know,0.4
2016,West Dunbartonshire,Base,270
2017,West Dunbartonshire,Every day / Several times a week,26.4
2017,West Dunbartonshire,Once a week,12.2
2017,West Dunbartonshire,Once a month,15.8
2017,West Dunbartonshire,Less often,11.5
2017,West Dunbartonshire,Not at all,34.1
2017,West Dunbartonshire,Base,240
2019,West Dunbartonshire,Every day / Several times a week,26.1
2019,West Dunbartonshire,Once a week,11.6
2019,West Dunbartonshire,Once a month,14.6
2019,West Dunbartonshire,Less often,17.2
2019,West Dunbartonshire,Not at all,30.4
2019,West Dunbartonshire,Don't know,0.2
2019,West Dunbartonshire,Base,220
2023,West Dunbartonshire,Every day / Several times a week,37.1
2023,West Dunbartonshire,Once a week,12.1
2023,West Dunbartonshire,Once a month,13.8
2023,West Dunbartonshire,Less often,9.5
2023,West Dunbartonshire,Not at all,27.5
2023,West Dunbartonshire,Base,220
2013,West Lothian,Every day / Several times a week,37.2
2013,West Lothian,Once a week,11.9
2013,West Lothian,Once a month,17.6
2013,West Lothian,Less often,10.1
2013,West Lothian,Not at all,22.6
2013,West Lothian,Don't know,0.6
2013,West Lothian,Base,250
2014,West Lothian,Every day / Several times a week,28
2014,West Lothian,Once a week,11.6
2014,West Lothian,Once a month,20.7
2014,West Lothian,Less often,11.3
2014,West Lothian,Not at all,26.4
2014,West Lothian,Don't know,2.2
2014,West Lothian,Base,190
2015,West Lothian,Every day / Several times a week,29.8
2015,West Lothian,Once a week,21.8
2015,West Lothian,Once a month,22.2
2015,West Lothian,Less often,10.2
2015,West Lothian,Not at all,16
2015,West Lothian,Base,220
2016,West Lothian,Every day / Several times a week,28.7
2016,West Lothian,Once a week,23.5
2016,West Lothian,Once a month,22.3
2016,West Lothian,Less often,7.5
2016,West Lothian,Not at all,17.9
2016,West Lothian,Base,240
2017,West Lothian,Every day / Several times a week,34.4
2017,West Lothian,Once a week,14.5
2017,West Lothian,Once a month,21.2
2017,West Lothian,Less often,9.6
2017,West Lothian,Not at all,20.3
2017,West Lothian,Base,280
2019,West Lothian,Every day / Several times a week,35.6
2019,West Lothian,Once a week,11
2019,West Lothian,Once a month,18.5
2019,West Lothian,Less often,18.6
2019,West Lothian,Not at all,16.1
2019,West Lothian,Don't know,0.2
2019,West Lothian,Base,230
2023,West Lothian,Every day / Several times a week,39.2
2023,West Lothian,Once a week,16.9
2023,West Lothian,Once a month,13.5
2023,West Lothian,Less often,14.7
2023,West Lothian,Not at all,15.7
2023,West Lothian,Base,230
